{"cameraMode":{"drawMode":0,"name":"Shaded","section":"Shading Mode"},"sceneLighting":false,"audioPlay":false,"sceneViewState":{"showFog":true,"showMaterialUpdate":false,"showSkybox":true,"showFlares":true,"showImageEffects":true,"showParticleSystems":true},"in2DMode":false,"pivot":{"x":9.999998092651368,"y":1.3000035285949708,"z":0.45156726241111758},"rotation":{"x":-0.06378266215324402,"y":-0.3584443926811218,"z":0.0245512668043375,"w":-0.9310460090637207},"size":31.835418701171876,"orthographic":true}