{"cameraMode":{"drawMode":0,"name":"Shaded","section":"Shading Mode"},"sceneLighting":false,"audioPlay":false,"sceneViewState":{"showFog":true,"showMaterialUpdate":false,"showSkybox":true,"showFlares":true,"showImageEffects":true,"showParticleSystems":true},"in2DMode":false,"pivot":{"x":12.319999694824219,"y":6.693499565124512,"z":-26.392499923706056},"rotation":{"x":0.31442558765411379,"y":-0.4257957637310028,"z":0.160707026720047,"w":0.8330713510513306},"size":3.743602991104126,"orthographic":true}