{"cameraMode":{"drawMode":0,"name":"Shaded","section":"Shading Mode"},"sceneLighting":false,"audioPlay":false,"sceneViewState":{"showFog":true,"showMaterialUpdate":false,"showSkybox":true,"showFlares":true,"showImageEffects":true,"showParticleSystems":true},"in2DMode":false,"pivot":{"x":1.7600021362304688,"y":0.027124404907226564,"z":1.6800003051757813},"rotation":{"x":0.31442558765411379,"y":-0.4257957637310028,"z":0.160707026720047,"w":0.8330713510513306},"size":103.19654083251953,"orthographic":true}