{"cameraMode":{"drawMode":0,"name":"Shaded","section":"Shading Mode"},"sceneLighting":false,"audioPlay":false,"sceneViewState":{"showFog":true,"showMaterialUpdate":false,"showSkybox":true,"showFlares":true,"showImageEffects":true,"showParticleSystems":true},"in2DMode":false,"pivot":{"x":0.0,"y":2.125004768371582,"z":-2.599996566772461},"rotation":{"x":0.03725658357143402,"y":-0.9617072939872742,"z":0.2134387493133545,"w":0.16785408556461335},"size":49.970088958740237,"orthographic":true}