{"cameraMode":{"drawMode":0,"name":"Shaded","section":"Shading Mode"},"sceneLighting":false,"audioPlay":false,"sceneViewState":{"showFog":true,"showMaterialUpdate":false,"showSkybox":true,"showFlares":true,"showImageEffects":true,"showParticleSystems":true},"in2DMode":false,"pivot":{"x":37.32062530517578,"y":10.166023254394532,"z":-5.623231887817383},"rotation":{"x":0.3508019745349884,"y":0.5466285347938538,"z":-0.2697316110134125,"w":0.7109009027481079},"size":854.2444458007813,"orthographic":false}