{"cameraMode":{"drawMode":0,"name":"Shaded","section":"Shading Mode"},"sceneLighting":false,"audioPlay":false,"sceneViewState":{"showFog":true,"showMaterialUpdate":false,"showSkybox":true,"showFlares":true,"showImageEffects":true,"showParticleSystems":true},"in2DMode":false,"pivot":{"x":0.9024842977523804,"y":-0.10122545063495636,"z":1.147002935409546},"rotation":{"x":0.011450809426605702,"y":0.9437079429626465,"z":-0.3289453089237213,"w":0.03285078704357147},"size":1.709794521331787,"orthographic":true}