{"cameraMode":{"drawMode":0,"name":"Shaded","section":"Shading Mode"},"sceneLighting":false,"audioPlay":false,"sceneViewState":{"showFog":true,"showMaterialUpdate":false,"showSkybox":true,"showFlares":true,"showImageEffects":true,"showParticleSystems":true},"in2DMode":false,"pivot":{"x":9.213799476623536,"y":-1.1410192251205445,"z":-5.142242908477783},"rotation":{"x":-0.24840788543224336,"y":0.35832589864730837,"z":-0.09950945526361466,"w":-0.8944239020347595},"size":5.956845760345459,"orthographic":true}