{"cameraMode":{"drawMode":0,"name":"Shaded","section":"Shading Mode"},"sceneLighting":false,"audioPlay":false,"sceneViewState":{"showFog":true,"showMaterialUpdate":false,"showSkybox":true,"showFlares":true,"showImageEffects":true,"showParticleSystems":true},"in2DMode":false,"pivot":{"x":1.0221776962280274,"y":-0.02709054946899414,"z":1.0910964012145997},"rotation":{"x":0.05722738802433014,"y":-0.7395231127738953,"z":0.06338363885879517,"w":0.6676923632621765},"size":1.129299521446228,"orthographic":true}