{"cameraMode":{"drawMode":0,"name":"Shaded","section":"Shading Mode"},"sceneLighting":false,"audioPlay":false,"sceneViewState":{"showFog":true,"showMaterialUpdate":false,"showSkybox":true,"showFlares":true,"showImageEffects":true,"showParticleSystems":true},"in2DMode":false,"pivot":{"x":382.9454345703125,"y":129.84608459472657,"z":0.0},"rotation":{"x":-0.09583604335784912,"y":0.018505694344639779,"z":-0.0017816347535699607,"w":-0.9952235221862793},"size":271.9941101074219,"orthographic":true}