{"cameraMode":{"drawMode":0,"name":"Shaded","section":"Shading Mode"},"sceneLighting":false,"audioPlay":false,"sceneViewState":{"showFog":true,"showMaterialUpdate":false,"showSkybox":true,"showFlares":true,"showImageEffects":true,"showParticleSystems":true},"in2DMode":false,"pivot":{"x":5.22578239440918,"y":1.3000024557113648,"z":4.774217128753662},"rotation":{"x":0.14647111296653748,"y":-3.0106238568805568e-7,"z":-9.102664932925109e-8,"w":0.9892150163650513},"size":22.6900634765625,"orthographic":true}