{"cameraMode":{"drawMode":0,"name":"Shaded","section":"Shading Mode"},"sceneLighting":false,"audioPlay":false,"sceneViewState":{"showFog":true,"showMaterialUpdate":false,"showSkybox":true,"showFlares":true,"showImageEffects":true,"showParticleSystems":true},"in2DMode":false,"pivot":{"x":157.3822021484375,"y":-145.16180419921876,"z":57.592315673828128},"rotation":{"x":0.42523324489593508,"y":0.09608756750822067,"z":-0.04545973986387253,"w":0.8988199234008789},"size":721.6891479492188,"orthographic":false}