{"cameraMode":{"drawMode":0,"name":"Shaded","section":"Shading Mode"},"sceneLighting":false,"audioPlay":false,"sceneViewState":{"showFog":true,"showMaterialUpdate":false,"showSkybox":true,"showFlares":true,"showImageEffects":true,"showParticleSystems":true},"in2DMode":false,"pivot":{"x":-1.5955810546875,"y":-1.34033203125,"z":-6.9130859375},"rotation":{"x":0.15446814894676209,"y":-0.10620066523551941,"z":0.0167023204267025,"w":0.9821313619613648},"size":1.6026972532272339,"orthographic":true}