{"cameraMode":{"drawMode":0,"name":"Shaded","section":"Shading Mode"},"sceneLighting":true,"audioPlay":false,"sceneViewState":{"showFog":true,"showMaterialUpdate":false,"showSkybox":true,"showFlares":true,"showImageEffects":true,"showParticleSystems":true},"in2DMode":false,"pivot":{"x":2.5213472843170168,"y":1.4670000076293946,"z":1.2465877532958985},"rotation":{"x":-0.008757294155657292,"y":0.9874074459075928,"z":-0.14651596546173097,"w":-0.059017449617385867},"size":4.2210893630981449,"orthographic":false}