{"cameraMode":{"drawMode":0,"name":"Shaded","section":"Shading Mode"},"sceneLighting":false,"audioPlay":false,"sceneViewState":{"showFog":true,"showMaterialUpdate":false,"showSkybox":true,"showFlares":true,"showImageEffects":true,"showParticleSystems":true},"in2DMode":false,"pivot":{"x":0.000003814697265625,"y":1.8229365348815919,"z":-0.6375007629394531},"rotation":{"x":-0.05466987192630768,"y":-0.546775758266449,"z":0.03580622002482414,"w":-0.8347247838973999},"size":32.32361602783203,"orthographic":true}