{"cameraMode":{"drawMode":0,"name":"Shaded","section":"Shading Mode"},"sceneLighting":false,"audioPlay":false,"sceneViewState":{"showFog":true,"showMaterialUpdate":false,"showSkybox":true,"showFlares":true,"showImageEffects":true,"showParticleSystems":true},"in2DMode":false,"pivot":{"x":14.080000877380371,"y":6.5281243324279789,"z":-24.969999313354493},"rotation":{"x":0.31442558765411379,"y":-0.4257957637310028,"z":0.160707026720047,"w":0.8330713510513306},"size":103.19654083251953,"orthographic":true}