{"cameraMode":{"drawMode":0,"name":"Shaded","section":"Shading Mode"},"sceneLighting":false,"audioPlay":false,"sceneViewState":{"showFog":true,"showMaterialUpdate":false,"showSkybox":true,"showFlares":true,"showImageEffects":true,"showParticleSystems":true},"in2DMode":false,"pivot":{"x":0.000003814697265625,"y":1.8229365348815919,"z":-0.6375007629394531},"rotation":{"x":-0.24626421928405763,"y":-0.2642727494239807,"z":0.06998691707849503,"w":-0.9298471808433533},"size":32.32361602783203,"orthographic":true}