{"cameraMode":{"drawMode":0,"name":"Shaded","section":"Shading Mode"},"sceneLighting":false,"audioPlay":false,"sceneViewState":{"showFog":true,"showMaterialUpdate":false,"showSkybox":true,"showFlares":true,"showImageEffects":true,"showParticleSystems":true},"in2DMode":false,"pivot":{"x":357.1312561035156,"y":209.35000610351563,"z":0.0},"rotation":{"x":0.005999427288770676,"y":-0.01349939126521349,"z":0.00008100089326035231,"w":0.9998908638954163},"size":387.89459228515627,"orthographic":true}