{"cameraMode":{"drawMode":0,"name":"Shaded","section":"Shading Mode"},"sceneLighting":false,"audioPlay":false,"sceneViewState":{"showFog":true,"showMaterialUpdate":false,"showSkybox":true,"showFlares":true,"showImageEffects":true,"showParticleSystems":true},"in2DMode":false,"pivot":{"x":1.1361395120620728,"y":0.087890625,"z":1.0825917720794678},"rotation":{"x":-0.019997967407107354,"y":0.957783043384552,"z":-0.2784225344657898,"w":-0.06879475712776184},"size":2.9951934814453127,"orthographic":true}