{"cameraMode":{"drawMode":0,"name":"Shaded","section":"Shading Mode"},"sceneLighting":false,"audioPlay":false,"sceneViewState":{"showFog":true,"showMaterialUpdate":false,"showSkybox":true,"showFlares":true,"showImageEffects":true,"showParticleSystems":true},"in2DMode":false,"pivot":{"x":183.02345275878907,"y":31.01577377319336,"z":-33.86479187011719},"rotation":{"x":-0.2244585007429123,"y":0.7706456184387207,"z":-0.36941850185394289,"w":-0.4682454764842987},"size":472.4259033203125,"orthographic":false}