{"cameraMode":{"drawMode":0,"name":"Shaded","section":"Shading Mode"},"sceneLighting":false,"audioPlay":false,"sceneViewState":{"showFog":true,"showMaterialUpdate":false,"showSkybox":true,"showFlares":true,"showImageEffects":true,"showParticleSystems":true},"in2DMode":false,"pivot":{"x":-2.1625008583068849,"y":2.036750555038452,"z":-3.798546075820923},"rotation":{"x":0.03725658357143402,"y":-0.9617072939872742,"z":0.2134387493133545,"w":0.16785408556461335},"size":37.20649719238281,"orthographic":true}