{"cameraMode":{"drawMode":0,"name":"Shaded","section":"Shading Mode"},"sceneLighting":false,"audioPlay":false,"sceneViewState":{"showFog":true,"showMaterialUpdate":false,"showSkybox":true,"showFlares":true,"showImageEffects":true,"showParticleSystems":true},"in2DMode":false,"pivot":{"x":1.064483642578125,"y":-0.115234375,"z":1.321533203125},"rotation":{"x":-0.5350014567375183,"y":-0.11004943400621414,"z":0.0705416277050972,"w":-0.834677517414093},"size":2.022095203399658,"orthographic":true}