{"cameraMode":{"drawMode":0,"name":"Shaded","section":"Shading Mode"},"sceneLighting":false,"audioPlay":false,"sceneViewState":{"showFog":true,"showMaterialUpdate":false,"showSkybox":true,"showFlares":true,"showImageEffects":true,"showParticleSystems":true},"in2DMode":false,"pivot":{"x":21.543498992919923,"y":6.491141319274902,"z":-0.09350204467773438},"rotation":{"x":-0.06679847836494446,"y":-0.6306989789009094,"z":0.05462639406323433,"w":-0.7712150812149048},"size":55.64011764526367,"orthographic":true}