{"cameraMode":{"drawMode":0,"name":"Shaded","section":"Shading Mode"},"sceneLighting":false,"audioPlay":false,"sceneViewState":{"showFog":true,"showMaterialUpdate":false,"showSkybox":true,"showFlares":true,"showImageEffects":true,"showParticleSystems":true},"in2DMode":false,"pivot":{"x":0.1350005865097046,"y":1.0654995441436768,"z":0.0},"rotation":{"x":-0.12617643177509309,"y":0.718466579914093,"z":-0.13519762456417085,"w":-0.6705273389816284},"size":4.318072319030762,"orthographic":true}