{"cameraMode":{"drawMode":0,"name":"Shaded","section":"Shading Mode"},"sceneLighting":false,"audioPlay":false,"sceneViewState":{"showFog":true,"showMaterialUpdate":false,"showSkybox":true,"showFlares":true,"showImageEffects":true,"showParticleSystems":true},"in2DMode":false,"pivot":{"x":0.17328208684921266,"y":3.2348203659057619,"z":3.9361321926116945},"rotation":{"x":-0.05466987192630768,"y":-0.546775758266449,"z":0.03580622002482414,"w":-0.8347247838973999},"size":31.123687744140626,"orthographic":true}