{"cameraMode":{"drawMode":0,"name":"Shaded","section":"Shading Mode"},"sceneLighting":false,"audioPlay":false,"sceneViewState":{"showFog":true,"showMaterialUpdate":false,"showSkybox":true,"showFlares":true,"showImageEffects":true,"showParticleSystems":true},"in2DMode":false,"pivot":{"x":-7.597958564758301,"y":-0.2356531023979187,"z":-7.654341697692871},"rotation":{"x":0.005662370473146439,"y":-0.738580584526062,"z":0.0062016816809773449,"w":0.6741129159927368},"size":2.748274326324463,"orthographic":true}