{"cameraMode":{"drawMode":0,"name":"Shaded","section":"Shading Mode"},"sceneLighting":false,"audioPlay":false,"sceneViewState":{"showFog":true,"showMaterialUpdate":false,"showSkybox":true,"showFlares":true,"showImageEffects":true,"showParticleSystems":true},"in2DMode":false,"pivot":{"x":-3.075927734375,"y":-1.6922607421875,"z":-6.9189453125},"rotation":{"x":0.06619541347026825,"y":0.9322652220726013,"z":-0.22222056984901429,"w":0.27770110964775088},"size":1.4034494161605836,"orthographic":true}