{"cameraMode":{"drawMode":0,"name":"Shaded","section":"Shading Mode"},"sceneLighting":false,"audioPlay":false,"sceneViewState":{"showFog":true,"showMaterialUpdate":false,"showSkybox":true,"showFlares":true,"showImageEffects":true,"showParticleSystems":true},"in2DMode":false,"pivot":{"x":1.6454849243164063,"y":-1.7193169593811036,"z":1.0416293144226075},"rotation":{"x":0.05049081891775131,"y":0.9443119168281555,"z":-0.17329972982406617,"w":0.2751234769821167},"size":23.671300888061525,"orthographic":true}