{"cameraMode":{"drawMode":0,"name":"Shaded","section":"Shading Mode"},"sceneLighting":false,"audioPlay":false,"sceneViewState":{"showFog":true,"showMaterialUpdate":false,"showSkybox":true,"showFlares":true,"showImageEffects":true,"showParticleSystems":true},"in2DMode":false,"pivot":{"x":5.019039630889893,"y":6.825282573699951,"z":3.3030402660369875},"rotation":{"x":0.056871574372053149,"y":0.0583718940615654,"z":-0.0033308875281363727,"w":0.9966681003570557},"size":30.43134117126465,"orthographic":true}