{"cameraMode":{"drawMode":0,"name":"Shaded","section":"Shading Mode"},"sceneLighting":false,"audioPlay":false,"sceneViewState":{"showFog":true,"showMaterialUpdate":false,"showSkybox":true,"showFlares":true,"showImageEffects":true,"showParticleSystems":true},"in2DMode":false,"pivot":{"x":9.075933456420899,"y":-1.34130859375,"z":-7.107156753540039},"rotation":{"x":-0.054788049310445788,"y":0.05479767173528671,"z":-0.003007880412042141,"w":-0.9969887137413025},"size":3.177706241607666,"orthographic":true}