{"cameraMode":{"drawMode":0,"name":"Shaded","section":"Shading Mode"},"sceneLighting":false,"audioPlay":false,"sceneViewState":{"showFog":true,"showMaterialUpdate":false,"showSkybox":true,"showFlares":true,"showImageEffects":true,"showParticleSystems":true},"in2DMode":false,"pivot":{"x":5.0,"y":30.800003051757814,"z":4.280001640319824},"rotation":{"x":0.12216831743717194,"y":-0.8454201817512512,"z":0.21902582049369813,"w":0.4715583920478821},"size":89.73760223388672,"orthographic":true}