{"cameraMode":{"drawMode":0,"name":"Shaded","section":"Shading Mode"},"sceneLighting":false,"audioPlay":false,"sceneViewState":{"showFog":true,"showMaterialUpdate":false,"showSkybox":true,"showFlares":true,"showImageEffects":true,"showParticleSystems":true},"in2DMode":false,"pivot":{"x":129.066650390625,"y":0.4013671875,"z":-10.166215896606446},"rotation":{"x":0.20872950553894044,"y":-0.2618064284324646,"z":0.05810447409749031,"w":0.9404857158660889},"size":18.41597557067871,"orthographic":true}