{"cameraMode":{"drawMode":0,"name":"Shaded","section":"Shading Mode"},"sceneLighting":false,"audioPlay":false,"sceneViewState":{"showFog":true,"showMaterialUpdate":false,"showSkybox":true,"showFlares":true,"showImageEffects":true,"showParticleSystems":true},"in2DMode":false,"pivot":{"x":9.5367431640625e-7,"y":1.2875080108642579,"z":-3.1250009536743166},"rotation":{"x":0.03725658357143402,"y":-0.9617072939872742,"z":0.2134387493133545,"w":0.16785408556461335},"size":47.3265495300293,"orthographic":true}