{"cameraMode":{"drawMode":0,"name":"Shaded","section":"Shading Mode"},"sceneLighting":false,"audioPlay":false,"sceneViewState":{"showFog":true,"showMaterialUpdate":false,"showSkybox":true,"showFlares":true,"showImageEffects":true,"showParticleSystems":true},"in2DMode":false,"pivot":{"x":49.65156173706055,"y":-53.596431732177737,"z":-70.24272918701172},"rotation":{"x":-0.06399694830179215,"y":0.9247746467590332,"z":-0.17977087199687959,"w":-0.32920923829078677},"size":185.7811279296875,"orthographic":true}