{"cameraMode":{"drawMode":0,"name":"Shaded","section":"Shading Mode"},"sceneLighting":false,"audioPlay":false,"sceneViewState":{"showFog":true,"showMaterialUpdate":false,"showSkybox":true,"showFlares":true,"showImageEffects":true,"showParticleSystems":true},"in2DMode":false,"pivot":{"x":-37.10792541503906,"y":-47.226356506347659,"z":74.28125},"rotation":{"x":0.09683670848608017,"y":0.7175108194351196,"z":-0.1018441915512085,"w":0.6822232604026794},"size":624.1094360351563,"orthographic":true}