{"cameraMode":{"drawMode":0,"name":"Shaded","section":"Shading Mode"},"sceneLighting":false,"audioPlay":false,"sceneViewState":{"showFog":true,"showMaterialUpdate":false,"showSkybox":true,"showFlares":true,"showImageEffects":true,"showParticleSystems":true},"in2DMode":false,"pivot":{"x":-0.0029973983764648439,"y":2.5206222534179689,"z":-8.728401184082032},"rotation":{"x":-0.06378266215324402,"y":-0.3584443926811218,"z":0.0245512668043375,"w":-0.9310460090637207},"size":48.60150909423828,"orthographic":true}