{"cameraMode":{"drawMode":0,"name":"Shaded","section":"Shading Mode"},"sceneLighting":false,"audioPlay":false,"sceneViewState":{"showFog":true,"showMaterialUpdate":false,"showSkybox":true,"showFlares":true,"showImageEffects":true,"showParticleSystems":true},"in2DMode":false,"pivot":{"x":8.744140625,"y":-0.315673828125,"z":-1.0675048828125},"rotation":{"x":-0.040231380611658099,"y":-0.6561899781227112,"z":0.03507213667035103,"w":-0.7527059316635132},"size":6.449209213256836,"orthographic":true}