{"cameraMode":{"drawMode":0,"name":"Shaded","section":"Shading Mode"},"sceneLighting":false,"audioPlay":false,"sceneViewState":{"showFog":true,"showMaterialUpdate":false,"showSkybox":true,"showFlares":true,"showImageEffects":true,"showParticleSystems":true},"in2DMode":false,"pivot":{"x":1.7600021362304688,"y":0.027124404907226564,"z":1.6800003051757813},"rotation":{"x":-0.010000275447964669,"y":0.9830231666564941,"z":-0.17431378364562989,"w":-0.05639388784766197},"size":103.19654083251953,"orthographic":false}