{"cameraMode":{"drawMode":0,"name":"Shaded","section":"Shading Mode"},"sceneLighting":false,"audioPlay":false,"sceneViewState":{"showFog":true,"showMaterialUpdate":false,"showSkybox":true,"showFlares":true,"showImageEffects":true,"showParticleSystems":true},"in2DMode":false,"pivot":{"x":5.000001907348633,"y":4.667238235473633,"z":1.649999976158142},"rotation":{"x":-0.08897414058446884,"y":0.9091896414756775,"z":-0.3163141906261444,"w":-0.25574055314064028},"size":34.86744689941406,"orthographic":false}