{"cameraMode":{"drawMode":0,"name":"Shaded","section":"Shading Mode"},"sceneLighting":false,"audioPlay":false,"sceneViewState":{"showFog":true,"showMaterialUpdate":false,"showSkybox":true,"showFlares":true,"showImageEffects":true,"showParticleSystems":true},"in2DMode":false,"pivot":{"x":0.006824970245361328,"y":4.003719806671143,"z":1.2563700675964356},"rotation":{"x":-0.010000275447964669,"y":0.9830231666564941,"z":-0.17431378364562989,"w":-0.05639388784766197},"size":20.828250885009767,"orthographic":false}