{"cameraMode":{"drawMode":0,"name":"Shaded","section":"Shading Mode"},"sceneLighting":false,"audioPlay":false,"sceneViewState":{"showFog":true,"showMaterialUpdate":false,"showSkybox":true,"showFlares":true,"showImageEffects":true,"showParticleSystems":true},"in2DMode":false,"pivot":{"x":0.000003814697265625,"y":1.8229365348815919,"z":-0.6375007629394531},"rotation":{"x":-0.010000275447964669,"y":0.9830231666564941,"z":-0.17431378364562989,"w":-0.05639388784766197},"size":32.32361602783203,"orthographic":false}