{"cameraMode":{"drawMode":0,"name":"Shaded","section":"Shading Mode"},"sceneLighting":false,"audioPlay":false,"sceneViewState":{"showFog":true,"showMaterialUpdate":false,"showSkybox":true,"showFlares":true,"showImageEffects":true,"showParticleSystems":true},"in2DMode":false,"pivot":{"x":1.4322752952575684,"y":-0.5107767581939697,"z":-2.5643808841705324},"rotation":{"x":-0.08897414058446884,"y":0.9091896414756775,"z":-0.3163141906261444,"w":-0.25574055314064028},"size":47.24042892456055,"orthographic":false}