{"cameraMode":{"drawMode":0,"name":"Shaded","section":"Shading Mode"},"sceneLighting":false,"audioPlay":false,"sceneViewState":{"showFog":true,"showMaterialUpdate":false,"showSkybox":true,"showFlares":true,"showImageEffects":true,"showParticleSystems":true},"in2DMode":false,"pivot":{"x":0.0,"y":2.125004768371582,"z":-2.599996566772461},"rotation":{"x":-0.010000275447964669,"y":0.9830231666564941,"z":-0.17431378364562989,"w":-0.05639388784766197},"size":49.970088958740237,"orthographic":false}