{"cameraMode":{"drawMode":0,"name":"Shaded","section":"Shading Mode"},"sceneLighting":false,"audioPlay":false,"sceneViewState":{"showFog":true,"showMaterialUpdate":false,"showSkybox":true,"showFlares":true,"showImageEffects":true,"showParticleSystems":true},"in2DMode":false,"pivot":{"x":-2.1625008583068849,"y":2.036750555038452,"z":-3.798546075820923},"rotation":{"x":-0.010000275447964669,"y":0.9830231666564941,"z":-0.17431378364562989,"w":-0.05639388784766197},"size":37.20649719238281,"orthographic":false}